Workbook

Sheet geral
A1: Nome | B1: previo | C1: 46245 | D1: 46246 | E1: 46247 | F1: 46248 | G1: 46251 | H1: 46252 | I1: 46253 | J1: 46254 | K1: 46255 | L1: 46258 | M1: 46259 | N1: 46260 | O1: 46261 | P1: 46262 | Q1: 46265 | R1: Resultado Agosto | S1: =Diario!S1 -> 46266 | T1: =Diario!T1 -> 46267 | U1: =Diario!U1 -> 46268 | V1: =Diario!V1 -> 46269 | W1: =Diario!W1 -> 46273 | X1: =Diario!X1 -> 46274 | Y1: =Diario!Y1 -> 46275 | Z1: =Diario!Z1 -> 46276 | ... AM1: =Diario!AM1 -> 46295 | AN1: Resultado Setembro | AO1: =Diario!AN1 -> 46296 | AP1: =Diario!AO1 -> 46297 | AQ1: =Diario!AP1 -> 46298 | AR1: acumulado
A2: =Diario!A2 -> Leo | B2: 8437 | C2: =IF(Diario!D$2>0,Diario!D$2-Diario!$D$18,0) -> 3334 | D2: =IF(Diario!E2>0,Diario!E2-Diario!E$18,0) -> 0 | E2: =IF(Diario!F2>0,Diario!F2-Diario!F$18,0) -> 6051 | F2: =IF(Diario!G2>0,Diario!G2-Diario!G$18,0) -> 0 | G2: =IF(Diario!H2>0,Diario!H2-Diario!H$18,0) -> 2490 | H2: =IF(Diario!I2>0,Diario!I2-Diario!I$18,0) -> 4217 | I2: =IF(Diario!J2>0,Diario!J2-Diario!J$18,0) -> 7717 | J2: =IF(Diario!K2>0,Diario!K2-Diario!K$18,0) -> 0 | K2: =IF(Diario!L2>0,Diario!L2-Diario!L$18,0) -> 0 | ... Q2: =IF(Diario!R2>0,Diario!R2-Diario!R$18,0) -> 5621 | R2: =SUM(B2:Q2) -> 56972 | S2: =IF(Diario!S2>0,Diario!S2-Diario!S$18,IF(S$1<TODAY(),$U$36,0)) -> 12175 | T2: =IF(Diario!T2>0,Diario!T2-Diario!T$18,IF(T$1<TODAY(),$U$36,0)) -> 8481 | U2: =IF(Diario!U2>0,Diario!U2-Diario!U$18,IF(U$1<TODAY(),$U$36,0)) -> 10033 | V2: =IF(Diario!V2>0,Diario!V2-Diario!V$18,IF(V$1<TODAY(),$U$36,0)) -> 5408 | W2: =IF(Diario!W2>0,Diario!W2-Diario!W$18,IF(W$1<TODAY(),$U$36,0)) -> 3581 | X2: =IF(Diario!X2>0,Diario!X2-Diario!X$18,IF(X$1<TODAY(),$U$36,0)) -> 8475 | Y2: =IF(Diario!Y2>0,Diario!Y2-Diario!Y$18,IF(Y$1<TODAY(),$U$36,0)) -> 9819 | Z2: =IF(Diario!Z2>0,Diario!Z2-Diario!Z$18,IF(Z$1<TODAY(),$U$36,0)) -> 1444 | ... AM2: =IF(Diario!AM2>0,Diario!AM2-Diario!AM$18,IF(AM$1<TODAY(),$U$36,0)) -> 0 | AN2: =SUM(S2:AM2) -> 111499 | AO2: =IF(Diario!AN2>0,Diario!AN2-Diario!AN$18,0) -> 0 | AP2: =IF(Diario!AO2>0,Diario!AO2-Diario!AO$18,0) -> 0 | AQ2: =IF(Diario!AP2>0,Diario!AP2-Diario!AP$18,0) -> 0 | AR2: =R2+AN2 -> 168471
A3: Luca | B3: 3677 | C3: =Diario!D3-Diario!D$18 -> 1284 | D3: =IF(Diario!E3>0,Diario!E3-Diario!E$18,0) -> 3756 | E3: =IF(Diario!F3>0,Diario!F3-Diario!F$18,0) -> 0 | F3: =IF(Diario!G3>0,Diario!G3-Diario!G$18,0) -> 0 | G3: =IF(Diario!H3>0,Diario!H3-Diario!H$18,0) -> 0 | H3: =IF(Diario!I3>0,Diario!I3-Diario!I$18,0) -> 0 | I3: =IF(Diario!J3>0,Diario!J3-Diario!J$18,0) -> 8555 | J3: =IF(Diario!K3>0,Diario!K3-Diario!K$18,0) -> 8753 | K3: =IF(Diario!L3>0,Diario!L3-Diario!L$18,0) -> 0 | ... Q3: =IF(Diario!R3>0,Diario!R3-Diario!R$18,0) -> 3446 | R3: =SUM(B3:Q3) -> 46666 | S3: =IF(Diario!S3>0,Diario!S3-Diario!S$18,IF(S$1<TODAY(),$U$36,0)) -> 2978 | T3: =IF(Diario!T3>0,Diario!T3-Diario!T$18,IF(T$1<TODAY(),$U$36,0)) -> 3508 | U3: =IF(Diario!U3>0,Diario!U3-Diario!U$18,IF(U$1<TODAY(),$U$36,0)) -> 3544 | V3: =IF(Diario!V3>0,Diario!V3-Diario!V$18,IF(V$1<TODAY(),$U$36,0)) -> 4584 | W3: =IF(Diario!W3>0,Diario!W3-Diario!W$18,IF(W$1<TODAY(),$U$36,0)) -> 6017 | X3: =IF(Diario!X3>0,Diario!X3-Diario!X$18,IF(X$1<TODAY(),$U$36,0)) -> 9005 | Y3: =IF(Diario!Y3>0,Diario!Y3-Diario!Y$18,IF(Y$1<TODAY(),$U$36,0)) -> 2815 | Z3: =IF(Diario!Z3>0,Diario!Z3-Diario!Z$18,IF(Z$1<TODAY(),$U$36,0)) -> 1520 | ... AM3: =IF(Diario!AM3>0,Diario!AM3-Diario!AM$18,IF(AM$1<TODAY(),$U$36,0)) -> 0 | AN3: =SUM(S3:AM3) -> 66425 | AO3: =IF(Diario!AN3>0,Diario!AN3-Diario!AN$18,0) -> 0 | AP3: =IF(Diario!AO3>0,Diario!AO3-Diario!AO$18,0) -> 0 | AQ3: =IF(Diario!AP3>0,Diario!AP3-Diario!AP$18,0) -> 0 | AR3: =R3+AN3 -> 113091
A4: Martin | B4: 3149 | C4: =Diario!D4-Diario!D$18 -> 2251 | D4: =IF(Diario!E4>0,Diario!E4-Diario!E$18,0) -> 832 | E4: =IF(Diario!F4>0,Diario!F4-Diario!F$18,0) -> 4963 | F4: =IF(Diario!G4>0,Diario!G4-Diario!G$18,0) -> 0 | G4: =IF(Diario!H4>0,Diario!H4-Diario!H$18,0) -> 3139 | H4: =IF(Diario!I4>0,Diario!I4-Diario!I$18,0) -> 0 | I4: =IF(Diario!J4>0,Diario!J4-Diario!J$18,0) -> 3701 | J4: =IF(Diario!K4>0,Diario!K4-Diario!K$18,0) -> 0 | K4: =IF(Diario!L4>0,Diario!L4-Diario!L$18,0) -> 1496 | ... Q4: =IF(Diario!R4>0,Diario!R4-Diario!R$18,0) -> 3479 | R4: =SUM(B4:Q4) -> 48476 | S4: =IF(Diario!S4>0,Diario!S4-Diario!S$18,IF(S$1<TODAY(),$U$36,0)) -> 9845 | T4: =IF(Diario!T4>0,Diario!T4-Diario!T$18,IF(T$1<TODAY(),$U$36,0)) -> 4908 | U4: =IF(Diario!U4>0,Diario!U4-Diario!U$18,IF(U$1<TODAY(),$U$36,0)) -> 5273 | V4: =IF(Diario!V4>0,Diario!V4-Diario!V$18,IF(V$1<TODAY(),$U$36,0)) -> 8328 | W4: =IF(Diario!W4>0,Diario!W4-Diario!W$18,IF(W$1<TODAY(),$U$36,0)) -> 3084 | X4: =IF(Diario!X4>0,Diario!X4-Diario!X$18,IF(X$1<TODAY(),$U$36,0)) -> 11892 | Y4: =IF(Diario!Y4>0,Diario!Y4-Diario!Y$18,IF(Y$1<TODAY(),$U$36,0)) -> 999 | Z4: =IF(Diario!Z4>0,Diario!Z4-Diario!Z$18,IF(Z$1<TODAY(),$U$36,0)) -> 8740 | ... AM4: =IF(Diario!AM4>0,Diario!AM4-Diario!AM$18,IF(AM$1<TODAY(),$U$36,0)) -> 0 | AN4: =SUM(S4:AM4) -> 97968 | AO4: =IF(Diario!AN4>0,Diario!AN4-Diario!AN$18,0) -> 0 | AP4: =IF(Diario!AO4>0,Diario!AO4-Diario!AO$18,0) -> 0 | AQ4: =IF(Diario!AP4>0,Diario!AP4-Diario!AP$18,0) -> 0 | AR4: =R4+AN4 -> 146444
A5: Fabio | B5: 12791 | C5: =Diario!D5-Diario!D$18 -> 3232 | D5: =IF(Diario!E5>0,Diario!E5-Diario!E$18,0) -> 4469 | E5: =IF(Diario!F5>0,Diario!F5-Diario!F$18,0) -> 4198 | F5: =IF(Diario!G5>0,Diario!G5-Diario!G$18,0) -> 6580 | G5: =IF(Diario!H5>0,Diario!H5-Diario!H$18,0) -> 0 | H5: =IF(Diario!I5>0,Diario!I5-Diario!I$18,0) -> 0 | I5: =IF(Diario!J5>0,Diario!J5-Diario!J$18,0) -> 0 | J5: =IF(Diario!K5>0,Diario!K5-Diario!K$18,0) -> 3819 | K5: =IF(Diario!L5>0,Diario!L5-Diario!L$18,0) -> 1839 | ... Q5: =IF(Diario!R5>0,Diario!R5-Diario!R$18,0) -> 90 | R5: =SUM(B5:Q5) -> 55087 | S5: =IF(Diario!S5>0,Diario!S5-Diario!S$18,IF(S$1<TODAY(),$U$36,0)) -> 6606 | T5: =IF(Diario!T5>0,Diario!T5-Diario!T$18,IF(T$1<TODAY(),$U$36,0)) -> 0 | U5: =IF(Diario!U5>0,Diario!U5-Diario!U$18,IF(U$1<TODAY(),$U$36,0)) -> 1289 | V5: =IF(Diario!V5>0,Diario!V5-Diario!V$18,IF(V$1<TODAY(),$U$36,0)) -> 2893 | W5: =IF(Diario!W5>0,Diario!W5-Diario!W$18,IF(W$1<TODAY(),$U$36,0)) -> 10826 | X5: =IF(Diario!X5>0,Diario!X5-Diario!X$18,IF(X$1<TODAY(),$U$36,0)) -> 8101 | Y5: =IF(Diario!Y5>0,Diario!Y5-Diario!Y$18,IF(Y$1<TODAY(),$U$36,0)) -> 2313 | Z5: =IF(Diario!Z5>0,Diario!Z5-Diario!Z$18,IF(Z$1<TODAY(),$U$36,0)) -> 5431 | ... AM5: =IF(Diario!AM5>0,Diario!AM5-Diario!AM$18,IF(AM$1<TODAY(),$U$36,0)) -> 0 | AN5: =SUM(S5:AM5) -> 63814 | AO5: =IF(Diario!AN5>0,Diario!AN5-Diario!AN$18,0) -> 0 | AP5: =IF(Diario!AO5>0,Diario!AO5-Diario!AO$18,0) -> 0 | AQ5: =IF(Diario!AP5>0,Diario!AP5-Diario!AP$18,0) -> 0 | AR5: =R5+AN5 -> 118901
A6: Arthur | B6: 7765 | C6: =Diario!D6-Diario!D$18 -> 6238 | D6: =IF(Diario!E6>0,Diario!E6-Diario!E$18,0) -> 3576 | E6: =IF(Diario!F6>0,Diario!F6-Diario!F$18,0) -> 4783 | F6: =IF(Diario!G6>0,Diario!G6-Diario!G$18,0) -> 4391 | G6: =IF(Diario!H6>0,Diario!H6-Diario!H$18,0) -> 3569 | H6: =IF(Diario!I6>0,Diario!I6-Diario!I$18,0) -> 2588 | I6: =IF(Diario!J6>0,Diario!J6-Diario!J$18,0) -> 5940 | J6: =IF(Diario!K6>0,Diario!K6-Diario!K$18,0) -> 7933 | K6: =IF(Diario!L6>0,Diario!L6-Diario!L$18,0) -> 4227 | ... Q6: =IF(Diario!R6>0,Diario!R6-Diario!R$18,0) -> 3544 | R6: =SUM(B6:Q6) -> 82176 | S6: =IF(Diario!S6>0,Diario!S6-Diario!S$18,IF(S$1<TODAY(),$U$36,0)) -> 10801 | T6: =IF(Diario!T6>0,Diario!T6-Diario!T$18,IF(T$1<TODAY(),$U$36,0)) -> 9576 | U6: =IF(Diario!U6>0,Diario!U6-Diario!U$18,IF(U$1<TODAY(),$U$36,0)) -> -2500 | V6: =IF(Diario!V6>0,Diario!V6-Diario!V$18,IF(V$1<TODAY(),$U$36,0)) -> 7985 | W6: =IF(Diario!W6>0,Diario!W6-Diario!W$18,IF(W$1<TODAY(),$U$36,0)) -> 12114 | X6: =IF(Diario!X6>0,Diario!X6-Diario!X$18,IF(X$1<TODAY(),$U$36,0)) -> 11956 | Y6: =IF(Diario!Y6>0,Diario!Y6-Diario!Y$18,IF(Y$1<TODAY(),$U$36,0)) -> 7710 | Z6: =IF(Diario!Z6>0,Diario!Z6-Diario!Z$18,IF(Z$1<TODAY(),$U$36,0)) -> 6853 | ... AM6: =IF(Diario!AM6>0,Diario!AM6-Diario!AM$18,IF(AM$1<TODAY(),$U$36,0)) -> 0 | AN6: =SUM(S6:AM6) -> 112135 | AO6: =IF(Diario!AN6>0,Diario!AN6-Diario!AN$18,0) -> 0 | AP6: =IF(Diario!AO6>0,Diario!AO6-Diario!AO$18,0) -> 0 | AQ6: =IF(Diario!AP6>0,Diario!AP6-Diario!AP$18,0) -> 0 | AR6: =R6+AN6 -> 194311
A7: Ramiro | B7: 8379 | C7: =Diario!D7-Diario!D$18 -> 362 | D7: =IF(Diario!E7>0,Diario!E7-Diario!E$18,0) -> 723 | E7: =IF(Diario!F7>0,Diario!F7-Diario!F$18,0) -> 0 | F7: =IF(Diario!G7>0,Diario!G7-Diario!G$18,0) -> 0 | G7: =IF(Diario!H7>0,Diario!H7-Diario!H$18,0) -> 0 | H7: =IF(Diario!I7>0,Diario!I7-Diario!I$18,0) -> 0 | I7: =IF(Diario!J7>0,Diario!J7-Diario!J$18,0) -> 0 | J7: =IF(Diario!K7>0,Diario!K7-Diario!K$18,0) -> 1201 | K7: =IF(Diario!L7>0,Diario!L7-Diario!L$18,0) -> 0 | ... Q7: =IF(Diario!R7>0,Diario!R7-Diario!R$18,0) -> 0 | R7: =SUM(B7:Q7) -> 10665 | S7: =IF(Diario!S7>0,Diario!S7-Diario!S$18,IF(S$1<TODAY(),$U$36,0)) -> -2500 | T7: =IF(Diario!T7>0,Diario!T7-Diario!T$18,IF(T$1<TODAY(),$U$36,0)) -> -2500 | U7: =IF(Diario!U7>0,Diario!U7-Diario!U$18,IF(U$1<TODAY(),$U$36,0)) -> -2500 | V7: =IF(Diario!V7>0,Diario!V7-Diario!V$18,IF(V$1<TODAY(),$U$36,0)) -> -2500 | W7: =IF(Diario!W7>0,Diario!W7-Diario!W$18,IF(W$1<TODAY(),$U$36,0)) -> -2500 | X7: =IF(Diario!X7>0,Diario!X7-Diario!X$18,IF(X$1<TODAY(),$U$36,0)) -> -2500 | Y7: =IF(Diario!Y7>0,Diario!Y7-Diario!Y$18,IF(Y$1<TODAY(),$U$36,0)) -> -2500 | Z7: =IF(Diario!Z7>0,Diario!Z7-Diario!Z$18,IF(Z$1<TODAY(),$U$36,0)) -> -2500 | ... AM7: =IF(Diario!AM7>0,Diario!AM7-Diario!AM$18,IF(AM$1<TODAY(),$U$36,0)) -> 0 | AN7: =SUM(S7:AM7) -> -35000 | AO7: =IF(Diario!AN7>0,Diario!AN7-Diario!AN$18,0) -> 0 | AP7: =IF(Diario!AO7>0,Diario!AO7-Diario!AO$18,0) -> 0 | AQ7: =IF(Diario!AP7>0,Diario!AP7-Diario!AP$18,0) -> 0 | AR7: =R7+AN7 -> -24335
A8: Tales | B8: 15807 | C8: =Diario!D8-Diario!D$18 -> 7093 | D8: =IF(Diario!E8>0,Diario!E8-Diario!E$18,0) -> 7801 | E8: =IF(Diario!F8>0,Diario!F8-Diario!F$18,0) -> 7688 | F8: =IF(Diario!G8>0,Diario!G8-Diario!G$18,0) -> 887 | G8: =IF(Diario!H8>0,Diario!H8-Diario!H$18,0) -> 1050 | H8: =IF(Diario!I8>0,Diario!I8-Diario!I$18,0) -> 7007 | I8: =IF(Diario!J8>0,Diario!J8-Diario!J$18,0) -> 10606 | J8: =IF(Diario!K8>0,Diario!K8-Diario!K$18,0) -> 3403 | K8: =IF(Diario!L8>0,Diario!L8-Diario!L$18,0) -> 7392 | ... Q8: =IF(Diario!R8>0,Diario!R8-Diario!R$18,0) -> 4210 | R8: =SUM(B8:Q8) -> 101071 | S8: =IF(Diario!S8>0,Diario!S8-Diario!S$18,IF(S$1<TODAY(),$U$36,0)) -> 10373 | T8: =IF(Diario!T8>0,Diario!T8-Diario!T$18,IF(T$1<TODAY(),$U$36,0)) -> 10118 | U8: =IF(Diario!U8>0,Diario!U8-Diario!U$18,IF(U$1<TODAY(),$U$36,0)) -> 9305 | V8: =IF(Diario!V8>0,Diario!V8-Diario!V$18,IF(V$1<TODAY(),$U$36,0)) -> 7157 | W8: =IF(Diario!W8>0,Diario!W8-Diario!W$18,IF(W$1<TODAY(),$U$36,0)) -> 10054 | X8: =IF(Diario!X8>0,Diario!X8-Diario!X$18,IF(X$1<TODAY(),$U$36,0)) -> 8589 | Y8: =IF(Diario!Y8>0,Diario!Y8-Diario!Y$18,IF(Y$1<TODAY(),$U$36,0)) -> 8953 | Z8: =IF(Diario!Z8>0,Diario!Z8-Diario!Z$18,IF(Z$1<TODAY(),$U$36,0)) -> 5116 | ... AM8: =IF(Diario!AM8>0,Diario!AM8-Diario!AM$18,IF(AM$1<TODAY(),$U$36,0)) -> 0 | AN8: =SUM(S8:AM8) -> 124579 | AO8: =IF(Diario!AN8>0,Diario!AN8-Diario!AN$18,0) -> 0 | AP8: =IF(Diario!AO8>0,Diario!AO8-Diario!AO$18,0) -> 0 | AQ8: =IF(Diario!AP8>0,Diario!AP8-Diario!AP$18,0) -> 0 | AR8: =R8+AN8 -> 225650
A9: Diana | B9: 0 | C9: =Diario!D9-Diario!D$18 -> 0 | D9: =IF(Diario!E9>0,Diario!E9-Diario!E$18,0) -> 6754 | E9: =IF(Diario!F9>0,Diario!F9-Diario!F$18,0) -> 7959 | F9: =IF(Diario!G9>0,Diario!G9-Diario!G$18,0) -> 3187 | G9: =IF(Diario!H9>0,Diario!H9-Diario!H$18,0) -> 0 | H9: =IF(Diario!I9>0,Diario!I9-Diario!I$18,0) -> 0 | I9: =IF(Diario!J9>0,Diario!J9-Diario!J$18,0) -> 5375 | J9: =IF(Diario!K9>0,Diario!K9-Diario!K$18,0) -> 7231 | K9: =IF(Diario!L9>0,Diario!L9-Diario!L$18,0) -> 0 | ... Q9: =IF(Diario!R9>0,Diario!R9-Diario!R$18,0) -> 0 | R9: =SUM(B9:Q9) -> 66547 | S9: =IF(Diario!S9>0,Diario!S9-Diario!S$18,IF(S$1<TODAY(),$U$36,0)) -> 0 | T9: =IF(Diario!T9>0,Diario!T9-Diario!T$18,IF(T$1<TODAY(),$U$36,0)) -> 9441 | U9: =IF(Diario!U9>0,Diario!U9-Diario!U$18,IF(U$1<TODAY(),$U$36,0)) -> -2500 | V9: =IF(Diario!V9>0,Diario!V9-Diario!V$18,IF(V$1<TODAY(),$U$36,0)) -> 11004 | W9: =IF(Diario!W9>0,Diario!W9-Diario!W$18,IF(W$1<TODAY(),$U$36,0)) -> 8797 | X9: =IF(Diario!X9>0,Diario!X9-Diario!X$18,IF(X$1<TODAY(),$U$36,0)) -> 10387 | Y9: =IF(Diario!Y9>0,Diario!Y9-Diario!Y$18,IF(Y$1<TODAY(),$U$36,0)) -> 9265 | Z9: =IF(Diario!Z9>0,Diario!Z9-Diario!Z$18,IF(Z$1<TODAY(),$U$36,0)) -> 4827 | ... AM9: =IF(Diario!AM9>0,Diario!AM9-Diario!AM$18,IF(AM$1<TODAY(),$U$36,0)) -> 0 | AN9: =SUM(S9:AM9) -> 95463 | AO9: =IF(Diario!AN9>0,Diario!AN9-Diario!AN$18,0) -> 0 | AP9: =IF(Diario!AO9>0,Diario!AO9-Diario!AO$18,0) -> 0 | AQ9: =IF(Diario!AP9>0,Diario!AP9-Diario!AP$18,0) -> 0 | AR9: =R9+AN9 -> 162010
A10: Zade | C10: 0 | D10: =IF(Diario!E10>0,Diario!E10-Diario!E$18,0) -> 0 | E10: =IF(Diario!F10>0,Diario!F10-Diario!F$18,0) -> 0 | F10: =IF(Diario!G10>0,Diario!G10-Diario!G$18,0) -> 0 | G10: =IF(Diario!H10>0,Diario!H10-Diario!H$18,0) -> 0 | H10: =IF(Diario!I10>0,Diario!I10-Diario!I$18,0) -> 0 | I10: =IF(Diario!J10>0,Diario!J10-Diario!J$18,0) -> 0 | J10: =IF(Diario!K10>0,Diario!K10-Diario!K$18,0) -> 0 | K10: =IF(Diario!L10>0,Diario!L10-Diario!L$18,0) -> 0 | ... Q10: =IF(Diario!R10>0,Diario!R10-Diario!R$18,0) -> 4271 | R10: =SUM(B10:Q10) -> 20139 | S10: =IF(Diario!S10>0,Diario!S10-Diario!S$18,IF(S$1<TODAY(),$U$36,0)) -> 16336 | T10: =IF(Diario!T10>0,Diario!T10-Diario!T$18,IF(T$1<TODAY(),$U$36,0)) -> 4051 | U10: =IF(Diario!U10>0,Diario!U10-Diario!U$18,IF(U$1<TODAY(),$U$36,0)) -> 4111 | V10: =IF(Diario!V10>0,Diario!V10-Diario!V$18,IF(V$1<TODAY(),$U$36,0)) -> 8633 | W10: =IF(Diario!W10>0,Diario!W10-Diario!W$18,IF(W$1<TODAY(),$U$36,0)) -> 7503 | X10: =IF(Diario!X10>0,Diario!X10-Diario!X$18,IF(X$1<TODAY(),$U$36,0)) -> 2443 | Y10: =IF(Diario!Y10>0,Diario!Y10-Diario!Y$18,IF(Y$1<TODAY(),$U$36,0)) -> 1348 | Z10: =IF(Diario!Z10>0,Diario!Z10-Diario!Z$18,IF(Z$1<TODAY(),$U$36,0)) -> 4396 | ... AM10: =IF(Diario!AM10>0,Diario!AM10-Diario!AM$18,IF(AM$1<TODAY(),$U$36,0)) -> 0 | AN10: =SUM(S10:AM10) -> 76546 | AO10: =IF(Diario!AN10>0,Diario!AN10-Diario!AN$18,0) -> 0 | AP10: =IF(Diario!AO10>0,Diario!AO10-Diario!AO$18,0) -> 0 | AQ10: =IF(Diario!AP10>0,Diario!AP10-Diario!AP$18,0) -> 0 | AR10: =R10+AN10 -> 96685
A11: Luiz | P11: =IF(Diario!Q11>0,Diario!Q11-Diario!Q$18,0) -> 12654 | Q11: =IF(Diario!R11>0,Diario!R11-Diario!R$18,0) -> 0 | R11: =SUM(B11:Q11) -> 12654 | S11: =IF(Diario!S11>0,Diario!S11-Diario!S$18,IF(S$1<TODAY(),$U$36,0)) -> 4881 | T11: =IF(Diario!T11>0,Diario!T11-Diario!T$18,IF(T$1<TODAY(),$U$36,0)) -> -2500 | U11: =IF(Diario!U11>0,Diario!U11-Diario!U$18,IF(U$1<TODAY(),$U$36,0)) -> 6372 | V11: =IF(Diario!V11>0,Diario!V11-Diario!V$18,IF(V$1<TODAY(),$U$36,0)) -> 1976 | W11: =IF(Diario!W11>0,Diario!W11-Diario!W$18,IF(W$1<TODAY(),$U$36,0)) -> 209 | X11: =IF(Diario!X11>0,Diario!X11-Diario!X$18,IF(X$1<TODAY(),$U$36,0)) -> 7394 | Y11: =IF(Diario!Y11>0,Diario!Y11-Diario!Y$18,IF(Y$1<TODAY(),$U$36,0)) -> 0 | Z11: =IF(Diario!Z11>0,Diario!Z11-Diario!Z$18,IF(Z$1<TODAY(),$U$36,0)) -> 7207 | ... AM11: =IF(Diario!AM11>0,Diario!AM11-Diario!AM$18,IF(AM$1<TODAY(),$U$36,0)) -> 0 | AN11: =SUM(S11:AM11) -> 51840 | AO11: =IF(Diario!AN11>0,Diario!AN11-Diario!AN$18,0) -> 0 | AP11: =IF(Diario!AO11>0,Diario!AO11-Diario!AO$18,0) -> 0 | AQ11: =IF(Diario!AP11>0,Diario!AP11-Diario!AP$18,0) -> 0 | AR11: =R11+AN11 -> 64494
A12: Vinicius | P12: =IF(Diario!Q12>0,Diario!Q12-Diario!Q$18,0) -> 0 | Q12: =IF(Diario!R12>0,Diario!R12-Diario!R$18,0) -> 0 | R12: =SUM(B12:Q12) -> 0 | S12: =IF(Diario!S12>0,Diario!S12-Diario!S$18,IF(S$1<TODAY(),$U$36,0)) -> 5994 | T12: =IF(Diario!T12>0,Diario!T12-Diario!T$18,IF(T$1<TODAY(),$U$36,0)) -> 1001 | U12: =IF(Diario!U12>0,Diario!U12-Diario!U$18,IF(U$1<TODAY(),$U$36,0)) -> 7649 | V12: =IF(Diario!V12>0,Diario!V12-Diario!V$18,IF(V$1<TODAY(),$U$36,0)) -> 3841 | W12: =IF(Diario!W12>0,Diario!W12-Diario!W$18,IF(W$1<TODAY(),$U$36,0)) -> 7998 | X12: =IF(Diario!X12>0,Diario!X12-Diario!X$18,IF(X$1<TODAY(),$U$36,0)) -> 9188 | Y12: =IF(Diario!Y12>0,Diario!Y12-Diario!Y$18,IF(Y$1<TODAY(),$U$36,0)) -> 3438 | Z12: =IF(Diario!Z12>0,Diario!Z12-Diario!Z$18,IF(Z$1<TODAY(),$U$36,0)) -> 4284 | ... AM12: =IF(Diario!AM12>0,Diario!AM12-Diario!AM$18,IF(AM$1<TODAY(),$U$36,0)) -> 0 | AN12: =SUM(S12:AM12) -> 59345 | AO12: =IF(Diario!AN12>0,Diario!AN12-Diario!AN$18,0) -> 0 | AP12: =IF(Diario!AO12>0,Diario!AO12-Diario!AO$18,0) -> 0 | AQ12: =IF(Diario!AP12>0,Diario!AP12-Diario!AP$18,0) -> 0 | AR12: =R12+AN12 -> 59345
A13: Eduardo | R13: =SUM(B13:Q13) -> 0 | S13: =IF(Diario!S13>0,Diario!S13-Diario!S$18,IF(S$1<TODAY(),$U$36,0)) -> 7607 | T13: =IF(Diario!T13>0,Diario!T13-Diario!T$18,IF(T$1<TODAY(),$U$36,0)) -> 1097 | U13: =IF(Diario!U13>0,Diario!U13-Diario!U$18,IF(U$1<TODAY(),$U$36,0)) -> 0 | V13: =IF(Diario!V13>0,Diario!V13-Diario!V$18,IF(V$1<TODAY(),$U$36,0)) -> 0 | W13: =IF(Diario!W13>0,Diario!W13-Diario!W$18,IF(W$1<TODAY(),$U$36,0)) -> 0 | X13: =IF(Diario!X13>0,Diario!X13-Diario!X$18,IF(X$1<TODAY(),$U$36,0)) -> 0 | Y13: =IF(Diario!Y13>0,Diario!Y13-Diario!Y$18,IF(Y$1<TODAY(),$U$36,0)) -> 4375 | Z13: =IF(Diario!Z13>0,Diario!Z13-Diario!Z$18,IF(Z$1<TODAY(),$U$36,0)) -> 0 | ... AM13: =IF(Diario!AM13>0,Diario!AM13-Diario!AM$18,IF(AM$1<TODAY(),$U$36,0)) -> 0 | AN13: =SUM(S13:AM13) -> 34981 | AO13: =IF(Diario!AN13>0,Diario!AN13-Diario!AN$18,0) -> 0 | AP13: =IF(Diario!AO13>0,Diario!AO13-Diario!AO$18,0) -> 0 | AQ13: =IF(Diario!AP13>0,Diario!AP13-Diario!AP$18,0) -> 0 | AR13: =R13+AN13 -> 34981
A14: Cristina | R14: =SUM(B14:Q14) -> 0 | S14: =IF(Diario!S14>0,Diario!S14-Diario!S$18,IF(S$1<TODAY(),$U$36,0)) -> 4153 | T14: =IF(Diario!T14>0,Diario!T14-Diario!T$18,IF(T$1<TODAY(),$U$36,0)) -> 7450 | U14: =IF(Diario!U14>0,Diario!U14-Diario!U$18,IF(U$1<TODAY(),$U$36,0)) -> 9586 | V14: =IF(Diario!V14>0,Diario!V14-Diario!V$18,IF(V$1<TODAY(),$U$36,0)) -> -2500 | W14: =IF(Diario!W14>0,Diario!W14-Diario!W$18,IF(W$1<TODAY(),$U$36,0)) -> -2500 | X14: =IF(Diario!X14>0,Diario!X14-Diario!X$18,IF(X$1<TODAY(),$U$36,0)) -> 7969 | Y14: =IF(Diario!Y14>0,Diario!Y14-Diario!Y$18,IF(Y$1<TODAY(),$U$36,0)) -> -2500 | Z14: =IF(Diario!Z14>0,Diario!Z14-Diario!Z$18,IF(Z$1<TODAY(),$U$36,0)) -> 1486 | ... AM14: =IF(Diario!AM14>0,Diario!AM14-Diario!AM$18,IF(AM$1<TODAY(),$U$36,0)) -> 0 | AN14: =SUM(S14:AM14) -> 56416 | AO14: =IF(Diario!AN14>0,Diario!AN14-Diario!AN$18,0) -> 0 | AP14: =IF(Diario!AO14>0,Diario!AO14-Diario!AO$18,0) -> 0 | AQ14: =IF(Diario!AP14>0,Diario!AP14-Diario!AP$18,0) -> 0 | AR14: =R14+AN14 -> 56416
A15: Bastian | AC15: =IF(Diario!AC15>0,Diario!AC15-Diario!AC$18,IF(AC$1<TODAY(),$U$36,0)) -> 6320 | AD15: =IF(Diario!AD15>0,Diario!AD15-Diario!AD$18,IF(AD$1<TODAY(),$U$36,0)) -> 7980 | AE15: =IF(Diario!AE15>0,Diario!AE15-Diario!AE$18,IF(AE$1<TODAY(),$U$36,0)) -> 8791 | AF15: =IF(Diario!AF15>0,Diario!AF15-Diario!AF$18,IF(AF$1<TODAY(),$U$36,0)) -> 8133 | AG15: =IF(Diario!AG15>0,Diario!AG15-Diario!AG$18,IF(AG$1<TODAY(),$U$36,0)) -> 1057 | AH15: =IF(Diario!AH15>0,Diario!AH15-Diario!AH$18,IF(AH$1<TODAY(),$U$36,0)) -> 0 | AI15: =IF(Diario!AI15>0,Diario!AI15-Diario!AI$18,IF(AI$1<TODAY(),$U$36,0)) -> 0 | AJ15: =IF(Diario!AJ15>0,Diario!AJ15-Diario!AJ$18,IF(AJ$1<TODAY(),$U$36,0)) -> 0 | ... AM15: =IF(Diario!AM15>0,Diario!AM15-Diario!AM$18,IF(AM$1<TODAY(),$U$36,0)) -> 0 | AN15: =SUM(S15:AM15) -> 32281 | AO15: =IF(Diario!AN15>0,Diario!AN15-Diario!AN$18,0) -> 0 | AP15: =IF(Diario!AO15>0,Diario!AO15-Diario!AO$18,0) -> 0 | AQ15: =IF(Diario!AP15>0,Diario!AP15-Diario!AP$18,0) -> 0 | AR15: =R15+AN15 -> 32281
A16: Marcelo | AC16: =IF(Diario!AC16>0,Diario!AC16-Diario!AC$18,IF(AC$1<TODAY(),$U$36,0)) -> -2500 | AD16: =IF(Diario!AD16>0,Diario!AD16-Diario!AD$18,IF(AD$1<TODAY(),$U$36,0)) -> -2500 | AE16: =IF(Diario!AE16>0,Diario!AE16-Diario!AE$18,IF(AE$1<TODAY(),$U$36,0)) -> -2500 | AF16: =IF(Diario!AF16>0,Diario!AF16-Diario!AF$18,IF(AF$1<TODAY(),$U$36,0)) -> -2500 | AG16: =IF(Diario!AG16>0,Diario!AG16-Diario!AG$18,IF(AG$1<TODAY(),$U$36,0)) -> 0 | AH16: =IF(Diario!AH16>0,Diario!AH16-Diario!AH$18,IF(AH$1<TODAY(),$U$36,0)) -> 0 | AI16: =IF(Diario!AI16>0,Diario!AI16-Diario!AI$18,IF(AI$1<TODAY(),$U$36,0)) -> 0 | AJ16: =IF(Diario!AJ16>0,Diario!AJ16-Diario!AJ$18,IF(AJ$1<TODAY(),$U$36,0)) -> 0 | ... AM16: =IF(Diario!AM16>0,Diario!AM16-Diario!AM$18,IF(AM$1<TODAY(),$U$36,0)) -> 0 | AN16: =SUM(S16:AM16) -> -10000 | AR16: =R16+AN16 -> -10000
U18: Ranking Setembro
E19: Ranking Geral | L19: Ranking Agosto | T19: Posicao | U19: Nome | V19: Pontuacao
D20: Posicao | E20: Nome | F20: Pontuacao | K20: Posicao | L20: Nome | M20: Pontuacao | T20: 1 | U20: =INDEX($A$2:$A$15,MATCH(V20,$AN$2:$AN$15,0)) -> Tales | V20: =LARGE($AN$2:$AN$16,T20) -> 124579
D21: 1 | E21: =INDEX($A$2:$A$12,MATCH(F21,$AR$2:$AR$12,0)) -> Tales | F21: =LARGE($AR$2:$AR$12,D21) -> 225650 | K21: 1 | L21: =INDEX($A$2:$A$12,MATCH(M21,$R$2:$R$12,0)) -> Tales | M21: =LARGE($R$2:$R$13,K21) -> 101071 | T21: 2 | U21: =INDEX($A$2:$A$15,MATCH(V21,$AN$2:$AN$15,0)) -> Arthur | V21: =LARGE($AN$2:$AN$16,T21) -> 112135
D22: 2 | E22: =INDEX($A$2:$A$12,MATCH(F22,$AR$2:$AR$12,0)) -> Arthur | F22: =LARGE($AR$2:$AR$12,D22) -> 194311 | K22: 2 | L22: =INDEX($A$2:$A$12,MATCH(M22,$R$2:$R$12,0)) -> Arthur | M22: =LARGE($R$2:$R$13,K22) -> 82176 | T22: 3 | U22: =INDEX($A$2:$A$15,MATCH(V22,$AN$2:$AN$15,0)) -> Leo | V22: =LARGE($AN$2:$AN$16,T22) -> 111499
D23: 3 | E23: =INDEX($A$2:$A$12,MATCH(F23,$AR$2:$AR$12,0)) -> Leo | F23: =LARGE($AR$2:$AR$12,D23) -> 168471 | K23: 3 | L23: =INDEX($A$2:$A$12,MATCH(M23,$R$2:$R$12,0)) -> Diana | M23: =LARGE($R$2:$R$13,K23) -> 66547 | T23: 4 | U23: =INDEX($A$2:$A$15,MATCH(V23,$AN$2:$AN$15,0)) -> Martin | V23: =LARGE($AN$2:$AN$16,T23) -> 97968
D24: 4 | E24: =INDEX($A$2:$A$12,MATCH(F24,$AR$2:$AR$12,0)) -> Diana | F24: =LARGE($AR$2:$AR$12,D24) -> 162010 | K24: 4 | L24: =INDEX($A$2:$A$12,MATCH(M24,$R$2:$R$12,0)) -> Leo | M24: =LARGE($R$2:$R$13,K24) -> 56972 | T24: 5 | U24: =INDEX($A$2:$A$15,MATCH(V24,$AN$2:$AN$15,0)) -> Diana | V24: =LARGE($AN$2:$AN$16,T24) -> 95463
D25: 5 | E25: =INDEX($A$2:$A$12,MATCH(F25,$AR$2:$AR$12,0)) -> Martin | F25: =LARGE($AR$2:$AR$12,D25) -> 146444 | K25: 5 | L25: =INDEX($A$2:$A$12,MATCH(M25,$R$2:$R$12,0)) -> Fabio | M25: =LARGE($R$2:$R$13,K25) -> 55087 | T25: 6 | U25: =INDEX($A$2:$A$15,MATCH(V25,$AN$2:$AN$15,0)) -> Zade | V25: =LARGE($AN$2:$AN$16,T25) -> 76546
D26: 6 | E26: =INDEX($A$2:$A$12,MATCH(F26,$AR$2:$AR$12,0)) -> Fabio | F26: =LARGE($AR$2:$AR$12,D26) -> 118901 | K26: 6 | L26: =INDEX($A$2:$A$12,MATCH(M26,$R$2:$R$12,0)) -> Martin | M26: =LARGE($R$2:$R$13,K26) -> 48476 | T26: 7 | U26: =INDEX($A$2:$A$15,MATCH(V26,$AN$2:$AN$15,0)) -> Luca | V26: =LARGE($AN$2:$AN$16,T26) -> 66425
D27: 7 | E27: =INDEX($A$2:$A$12,MATCH(F27,$AR$2:$AR$12,0)) -> Luca | F27: =LARGE($AR$2:$AR$12,D27) -> 113091 | K27: 7 | L27: =INDEX($A$2:$A$12,MATCH(M27,$R$2:$R$12,0)) -> Luca | M27: =LARGE($R$2:$R$13,K27) -> 46666 | T27: 8 | U27: =INDEX($A$2:$A$15,MATCH(V27,$AN$2:$AN$15,0)) -> Fabio | V27: =LARGE($AN$2:$AN$16,T27) -> 63814
D28: 8 | E28: =INDEX($A$2:$A$12,MATCH(F28,$AR$2:$AR$12,0)) -> Zade | F28: =LARGE($AR$2:$AR$12,D28) -> 96685 | K28: 8 | L28: =INDEX($A$2:$A$12,MATCH(M28,$R$2:$R$12,0)) -> Zade | M28: =LARGE($R$2:$R$13,K28) -> 20139 | T28: 9 | U28: =INDEX($A$2:$A$15,MATCH(V28,$AN$2:$AN$15,0)) -> Vinicius | V28: =LARGE($AN$2:$AN$16,T28) -> 59345
D29: 9 | E29: =INDEX($A$2:$A$12,MATCH(F29,$AR$2:$AR$12,0)) -> Luiz | F29: =LARGE($AR$2:$AR$12,D29) -> 64494 | K29: 9 | L29: =INDEX($A$2:$A$12,MATCH(M29,$R$2:$R$12,0)) -> Luiz | M29: =LARGE($R$2:$R$13,K29) -> 12654 | T29: 10 | U29: =INDEX($A$2:$A$15,MATCH(V29,$AN$2:$AN$15,0)) -> Cristina | V29: =LARGE($AN$2:$AN$16,T29) -> 56416
D30: 10 | E30: =INDEX($A$2:$A$12,MATCH(F30,$AR$2:$AR$12,0)) -> Vinicius | F30: =LARGE($AR$2:$AR$12,D30) -> 59345 | K30: 10 | L30: =INDEX($A$2:$A$12,MATCH(M30,$R$2:$R$12,0)) -> Ramiro | M30: =LARGE($R$2:$R$13,K30) -> 10665 | T30: 11 | U30: =INDEX($A$2:$A$15,MATCH(V30,$AN$2:$AN$15,0)) -> Luiz | V30: =LARGE($AN$2:$AN$16,T30) -> 51840
D31: 11 | E31: =INDEX($A$2:$A$12,MATCH(F31,$AR$2:$AR$12,0)) -> Ramiro | F31: =LARGE($AR$2:$AR$12,D31) -> -24335 | K31: 11 | L31: =INDEX($A$2:$A$12,MATCH(M31,$R$2:$R$12,0)) -> Vinicius | M31: =LARGE($R$2:$R$13,K31) -> 0 | T31: 12 | U31: =INDEX($A$2:$A$15,MATCH(V31,$AN$2:$AN$15,0)) -> Eduardo | V31: =LARGE($AN$2:$AN$16,T31) -> 34981
K32: 12 | L32: =INDEX($A$2:$A$12,MATCH(M32,$R$2:$R$12,0)) -> Vinicius | M32: =LARGE($R$2:$R$13,K32) -> 0 | T32: 13 | U32: =INDEX($A$2:$A$15,MATCH(V32,$AN$2:$AN$15,0)) -> Bastian | V32: =LARGE($AN$2:$AN$16,T32) -> 32281
T33: 14 | U33: =INDEX($A$2:$A$16,MATCH(V33,$AN$2:$AN$16,0)) -> Marcelo | V33: =LARGE($AN$2:$AN$16,T33) -> -10000
T34: 15 | U34: =INDEX($A$2:$A$15,MATCH(V34,$AN$2:$AN$16,0)) -> Ramiro | V34: =LARGE($AN$2:$AN$16,T34) -> -35000
S36: Penalizacao por nao jogar | U36: -2500

Sheet Diario
A1: Nome | B1: Usuario | D1: 46245 | E1: 46246 | F1: 46247 | G1: 46248 | H1: 46251 | I1: 46252 | J1: 46253 | K1: 46254 | L1: 46255 | M1: 46258 | N1: 46259 | O1: 46260 | P1: 46261 | Q1: 46262 | R1: 46265 | S1: 46266 | T1: 46267 | U1: 46268 | V1: 46269 | W1: 46273 | X1: 46274 | Y1: 46275 | Z1: 46276 | AA1: 46279 | AB1: 46280 | AC1: 46281 | AD1: 46282 | AE1: 46283 | AF1: 46286 | AG1: 46287 | AH1: 46288 | AI1: 46289 | AJ1: 46290 | AK1: 46293 | AL1: 46294 | AM1: 46295 | AN1: 46296 | AO1: 46297 | AP1: 46298 | AQ1: 46299 | AR1: 46300 | AS1: 46301
A2: Leo | B2: Leonardo H | C2: leonardohuffo | D2: 20002 | E2: 13841 | F2: 16979 | H2: 15903 | I2: 17194 | J2: 19439 | O2: 10741 | P2: 20723 | Q2: 15396 | R2: 18345 | S2: 16757 | T2: 18501 | U2: 19000 | V2: 17483 | W2: 7254 | X2: 19004 | Y2: 15850 | Z2: 11279 | AA2: 16641 | AB2: 15479 | AC2: 18731 | AD2: 20358 | AE2: 20607 | AF2: 17314 | AG2: 19445
A3: Luca | B3: Lucacavalhojeo | D3: 17952 | E3: 17597 | F3: 10928 | J3: 20277 | K3: 17190 | L3: 13660 | M3: 9885 | N3: 13124 | O3: 10084 | P3: 15802 | Q3: 16903 | R3: 16170 | S3: 7560 | T3: 13528 | U3: 12511 | V3: 16659 | W3: 9690 | X3: 19534 | Y3: 8846 | Z3: 11355 | AA3: 15149 | AB3: 15694 | AC3: 19008 | AD3: 20195 | AF3: 18406 | AG3: 17586
A4: Martin | B4: MartinBernas | C4: martin.bernasconi | D4: 18919 | E4: 14673 | F4: 15891 | G4: 13805 | H4: 16552 | J4: 15423 | K4: 8437 | L4: 15156 | M4: 15521 | N4: 11300 | O4: 10234 | P4: 16791 | Q4: 20223 | R4: 16203 | S4: 14427 | T4: 14928 | U4: 14240 | V4: 20403 | W4: 6757 | X4: 22421 | Y4: 7030 | Z4: 18575 | AA4: 22367 | AB4: 16070 | AC4: 11888 | AD4: 15573 | AE4: 15379 | AF4: 22051 | AG4: 18063
A5: Fabio | B5: FabaoPoa | C5: fabio.teixeira.sap | D5: 19900 | E5: 18310 | F5: 15126 | G5: 20385 | H5: 13413 | I5: 12977 | J5: 11722 | K5: 12256 | L5: 15499 | M5: 10807 | N5: 15381 | O5: 9950 | P5: 14201 | Q5: 16333 | R5: 12814 | S5: 11188 | T5: 10020 | U5: 10256 | V5: 14968 | W5: 14499 | X5: 18630 | Y5: 8344 | Z5: 15266 | AA5: 9157 | AB5: 15563 | AC5: 10573 | AD5: 17165 | AE5: 13299 | AF5: 13648 | AG5: 23442
A6: Arthur | B6: Andrade | C6: arthur.andrade | D6: 22906 | E6: 17417 | F6: 15711 | G6: 18196 | H6: 16982 | I6: 15565 | J6: 17662 | K6: 16370 | L6: 17887 | N6: 19382 | O6: 12765 | P6: 22781 | Q6: 11749 | R6: 16268 | S6: 15383 | T6: 19596 | V6: 20060 | W6: 15787 | X6: 22485 | Y6: 13741 | Z6: 16688 | AA6: 17859 | AB6: 17002 | AC6: 21178 | AD6: 19634 | AE6: 12019 | AF6: 16800 | AG6: 19640
A7: Ramiro | D7: 17030 | E7: 14564 | K7: 9638
A8: Tales | B8: taleco | C8: tales.ocampos | D8: 23761 | E8: 21642 | F8: 18616 | G8: 14692 | H8: 14463 | I8: 19984 | J8: 22328 | K8: 11840 | L8: 21052 | M8: 9548 | N8: 16661 | O8: 11748 | P8: 20558 | Q8: 18215 | R8: 16934 | S8: 14955 | T8: 20138 | U8: 18272 | V8: 19232 | W8: 13727 | X8: 19118 | Y8: 14984 | Z8: 14951 | AA8: 18756 | AB8: 20081 | AC8: 17266 | AD8: 18741 | AE8: 17270 | AF8: 22074
A9: Diana | B9: Didi98 | C9: dianaseibt | D9: 16668 | E9: 20595 | F9: 18887 | G9: 16992 | J9: 17097 | K9: 15668 | M9: 16598 | N9: 18265 | P9: 19859 | Q9: 21482 | S9: 4582 | T9: 19461 | V9: 23079 | W9: 12470 | X9: 20916 | Y9: 15296 | Z9: 14662 | AA9: 16825 | AB9: 16426 | AC9: 18636 | AD9: 17383 | AE9: 15119 | AF9: 17305 | AG9: 19040
A10: Zade | B10: Zader | N10: 19442 | O10: 8440 | P10: 21927 | Q10: 5114 | R10: 16995 | S10: 20918 | T10: 14071 | U10: 13078 | V10: 20708 | W10: 11176 | X10: 12972 | Y10: 7379 | Z10: 14231 | AA10: 16223 | AB10: 15382 | AC10: 15014 | AD10: 15815 | AE10: 5408 | AF10: 14546 | AG10: 21829
A11: Luiz | B11: Luiz Fernando | C11: luizf9844 | Q11: 17768 | R11: 12724 | S11: 9463 | U11: 15339 | V11: 14051 | W11: 3882 | X11: 17923 | Y11: 6031 | Z11: 17042 | AA11: 13865 | AB11: 19835 | AC11: 13412 | AD11: 11051 | AE11: 12795 | AF11: 11069 | AG11: 20766
A12: Vinicius | B12: Vinícius Ramos | C12: ramos.viniciusuriel | S12: 10576 | T12: 11021 | U12: 16616 | V12: 15916 | W12: 11671 | X12: 19717 | Y12: 9469 | Z12: 14119 | AA12: 11950 | AB12: 13849 | AC12: 17759 | AD12: 10524 | AE12: 7583 | AF12: 11498 | AG12: 19281
A13: Eduardo | B13: Rohr1 | C13: eduardobrohr2 | S13: 12189 | T13: 11117 | U13: 8967 | V13: 12075 | W13: 3673 | X13: 10529 | Y13: 10406 | Z13: 9835 | AA13: 8252 | AB13: 13448 | AC13: 18483 | AD13: 16538 | AE13: 9311 | AF13: 13906 | AG13: 18456
A14: Cristina | B14: Weissheimer | C14: crisbobsin | S14: 8735 | T14: 17470 | U14: 18553 | X14: 18498 | Z14: 11321 | AA14: 12230 | AB14: 16657 | AC14: 17911 | AD14: 15934 | AE14: 13380 | AF14: 16434 | AG14: 17218
A15: Bastian | B15: Matheus Bastian | C15: math.9711 | AC15: 16893 | AD15: 18504 | AE15: 14199 | AF15: 19202 | AG15: 18275
A16: Marcelo
A18: Menor | D18: {=SMALL(IF(D2:D16>0,D2:D16),1)} -> 16668 | E18: {=SMALL(IF(E2:E16>0,E2:E16),1)} -> 13841 | F18: {=SMALL(IF(F2:F16>0,F2:F16),1)} -> 10928 | G18: {=SMALL(IF(G2:G16>0,G2:G16),1)} -> 13805 | H18: {=SMALL(IF(H2:H16>0,H2:H16),1)} -> 13413 | I18: {=SMALL(IF(I2:I16>0,I2:I16),1)} -> 12977 | J18: {=SMALL(IF(J2:J16>0,J2:J16),1)} -> 11722 | K18: {=SMALL(IF(K2:K16>0,K2:K16),1)} -> 8437 | ... AM18: {=SMALL(IF(AM2:AM16>0,AM2:AM16),1)} -> #NUM!
